{
  "E102": {
      "name_ru": "Тартразин",
      "description": "Жёлтый краситель. Может вызывать аллергию и гиперактивность у детей.",
      "status": "Запрещён в некоторых странах",
      "banned_in": ["Норвегия", "Австрия"],
      "allowed_in": ["Россия", "США"]
  },
  "E123": {
      "name_ru": "Амарант",
      "description": "Красный краситель. Подозревается в канцерогенности.",
      "status": "Запрещён во многих странах",
      "banned_in": ["США", "Япония", "ЕС"],
      "allowed_in": ["Россия"]
  },
  "E124": {
      "name_ru": "Понсо 4R",
      "description": "Красный краситель. Может вызывать аллергию и гиперактивность у детей.",
      "status": "Запрещён в США и Норвегии",
      "banned_in": ["США", "Норвегия"]
  },
  "E127": {
      "name_ru": "Эритрозин",
      "description": "Розовый краситель. Может влиять на щитовидную железу.",
      "status": "Запрещён в Норвегии",
      "banned_in": ["Норвегия"]
  },
  "E151": {
      "name_ru": "Коричневый FK",
      "description": "Коричневый краситель. Запрещён во многих странах из-за токсичности.",
      "status": "Запрещён в большинстве стран",
      "banned_in": ["ЕС", "Норвегия", "Финляндия"],
      "allowed_in": ["Россия"]
  },
  "E211": {
      "name_ru": "Бензоат натрия",
      "description": "Консервант. Может превращаться в бензол — канцероген при взаимодействии с аскорбиновой кислотой.",
      "status": "Ограничен в ряде стран",
      "banned_in": ["Япония", "ЕС"],
      "allowed_in": ["Россия", "США"]
  },
  "E213": {
      "name_ru": "Бензойная кислота",
      "description": "Консервант. Токсична в больших дозах.",
      "status": "Ограничен в ряде стран",
      "banned_in": ["Япония", "ЕС"],
      "allowed_in": ["Россия", "США"]
  },
  "E951": {
      "name_ru": "Аспартам",
      "description": "Подсластитель. Может быть канцерогенным.",
      "status": "Ограничен в некоторых странах",
      "banned_in": ["Япония", "ЕС"],
      "allowed_in": ["Россия", "США"]
  },
  "E954": {
      "name_ru": "Сахарин",
      "description": "Подсластитель. Может быть канцерогенным.",
      "status": "Запрещён в некоторых странах",
      "banned_in": ["США", "ЕС"],
      "allowed_in": ["Россия", "Канада"]
  },
  "E500": {
      "name_ru": "Карбонат натрия / Пищевая сода",
      "description": "Разрыхлитель и регулятор кислотности. Обычно безопасен.",
      "status": "Разрешён во многих странах",
      "banned_in": [],
      "allowed_in": ["Россия", "США", "ЕС"]
  },
  "E621": {
      "name_ru": "Глутамат натрия",
      "description": "Усилитель вкуса. Может вызывать «синдром китайского ресторана»: головные боли, тошноту.",
      "status": "Ограничен в детском питании",
      "banned_in": ["ЕС", "Норвегия"],
      "allowed_in": ["Россия", "США"]
  }
}